date,Close,High,Low,Open,Volume
,^SET.BK,^SET.BK,^SET.BK,^SET.BK,^SET.BK
2023-01-03,1678.969970703125,1683.3800048828125,1673.2900390625,1675.699951171875,4618100
2023-01-04,1673.25,1685.1099853515625,1668.0699462890625,1680.0699462890625,5777500
2023-01-05,1663.8599853515625,1676.8199462890625,1659.9000244140625,1674.81005859375,6321200
2023-01-06,1673.8599853515625,1677.7900390625,1665.489990234375,1667.1400146484375,4912600
2023-01-09,1691.1199951171875,1693.4200439453125,1684.9000244140625,1685.300048828125,4677700
2023-01-10,1691.4100341796875,1695.530029296875,1684.9000244140625,1694.1700439453125,5305200
2023-01-11,1685.75,1695.1300048828125,1681.8800048828125,1693.219970703125,4781800
2023-01-12,1687.449951171875,1690.3199462890625,1679.989990234375,1688.3399658203125,4943300
2023-01-13,1681.72998046875,1695.989990234375,1673.9200439453125,1691.52001953125,5770600
2023-01-16,1684.8599853515625,1691.3499755859375,1679.989990234375,1686.3499755859375,4457100
2023-01-17,1681.0400390625,1688.56005859375,1679.199951171875,1686.0899658203125,4216500
2023-01-18,1685.43994140625,1689.4100341796875,1679.1500244140625,1682.0400390625,4130300
2023-01-19,1688.47998046875,1690.68994140625,1681.719970703125,1682.1300048828125,4050400
2023-01-20,1677.25,1688.5899658203125,1672.489990234375,1687.4200439453125,5394100
2023-01-23,1684.0400390625,1689.52001953125,1677.52001953125,1681.3299560546875,4418700
2023-01-24,1682.93994140625,1693.969970703125,1682.5799560546875,1689.9000244140625,4043600
2023-01-25,1682.1099853515625,1687.510009765625,1678.7099609375,1686.1300048828125,4597000
2023-01-26,1671.3399658203125,1684.8399658203125,1667.4300537109375,1682.800048828125,5208700
2023-01-27,1681.300048828125,1683.77001953125,1670.9100341796875,1674.4100341796875,4194700
2023-01-30,1681.219970703125,1685.239990234375,1676.510009765625,1683.56005859375,5482700
2023-01-31,1671.4599609375,1683.9000244140625,1671.0,1681.6600341796875,6744600
2023-02-01,1685.75,1687.97998046875,1675.72998046875,1676.6700439453125,5582400
2023-02-02,1682.5799560546875,1692.93994140625,1681.739990234375,1689.1600341796875,5921900
2023-02-03,1688.3599853515625,1690.4000244140625,1679.0,1684.3299560546875,5595300
2023-02-06,1682.1099853515625,1687.780029296875,1680.219970703125,1686.010009765625,6575300
2023-02-07,1680.489990234375,1689.510009765625,1676.1400146484375,1684.68994140625,6515400
2023-02-08,1670.3399658203125,1684.75,1667.7900390625,1683.530029296875,6738800
2023-02-09,1669.1700439453125,1672.0899658203125,1656.739990234375,1670.0799560546875,5168800
2023-02-10,1664.5699462890625,1668.969970703125,1660.0999755859375,1665.8499755859375,4169900
2023-02-13,1664.8900146484375,1669.97998046875,1658.4300537109375,1661.3699951171875,4210600
2023-02-14,1652.760009765625,1669.7099609375,1648.739990234375,1667.969970703125,6726900
2023-02-15,1647.3900146484375,1657.530029296875,1642.969970703125,1651.18994140625,12343500
2023-02-16,1658.2900390625,1660.5799560546875,1648.989990234375,1653.8499755859375,4014000
2023-02-17,1651.6700439453125,1657.02001953125,1643.8199462890625,1654.8699951171875,4055000
2023-02-20,1657.68994140625,1660.1800537109375,1650.3900146484375,1654.9000244140625,3610900
2023-02-21,1668.6300048828125,1669.510009765625,1652.25,1659.699951171875,4644600
2023-02-22,1659.47998046875,1667.989990234375,1656.5,1665.5999755859375,3891000
2023-02-23,1652.469970703125,1658.9200439453125,1647.3699951171875,1657.780029296875,4486600
2023-02-24,1634.02001953125,1654.0899658203125,1631.5400390625,1653.1199951171875,4718500
2023-02-27,1627.3499755859375,1635.3499755859375,1624.6199951171875,1633.1600341796875,4628100
2023-02-28,1622.3499755859375,1637.4100341796875,1618.0899658203125,1633.81005859375,6099100
2023-03-01,1619.97998046875,1628.9200439453125,1619.719970703125,1627.1800537109375,5141600
2023-03-02,1612.6400146484375,1626.550048828125,1608.6700439453125,1618.969970703125,5709100
2023-03-03,1606.8800048828125,1615.3900146484375,1604.1400146484375,1614.31005859375,4936100
2023-03-07,1618.510009765625,1624.780029296875,1612.800048828125,1613.2900390625,4533400
2023-03-08,1612.5999755859375,1615.510009765625,1599.8699951171875,1606.1300048828125,6064200
2023-03-09,1614.219970703125,1621.8800048828125,1608.4100341796875,1615.27001953125,5259800
2023-03-10,1599.6500244140625,1609.0999755859375,1596.43994140625,1605.6199951171875,4151200
2023-03-13,1573.0699462890625,1602.6500244140625,1572.6500244140625,1592.8199462890625,8397100
2023-03-14,1523.8900146484375,1572.3599853515625,1518.6600341796875,1564.9599609375,8644200
2023-03-15,1565.0,1573.510009765625,1543.6099853515625,1544.18994140625,5535000
2023-03-16,1554.6500244140625,1558.6700439453125,1538.0999755859375,1549.760009765625,5154600
2023-03-17,1563.6700439453125,1571.5999755859375,1555.239990234375,1564.5799560546875,4754700
2023-03-20,1555.449951171875,1569.760009765625,1543.469970703125,1560.22998046875,4771600
2023-03-21,1577.1800537109375,1579.68994140625,1561.6500244140625,1564.3199462890625,4460600
2023-03-22,1585.0799560546875,1588.1700439453125,1579.25,1584.8399658203125,4362000
2023-03-23,1593.6500244140625,1598.5899658203125,1577.699951171875,1582.260009765625,4282400
2023-03-24,1591.8499755859375,1599.780029296875,1588.25,1596.93994140625,3332500
2023-03-27,1593.3699951171875,1595.8599853515625,1586.010009765625,1595.1199951171875,2677800
2023-03-28,1606.9100341796875,1607.75,1599.9200439453125,1600.8199462890625,3876200
2023-03-29,1610.52001953125,1615.2900390625,1602.4300537109375,1611.75,3403600
2023-03-30,1605.4200439453125,1613.1600341796875,1601.030029296875,1611.6400146484375,3823100
2023-03-31,1609.1700439453125,1614.0899658203125,1605.550048828125,1607.0,3061500
2023-04-03,1600.3699951171875,1613.97998046875,1593.9599609375,1610.8399658203125,3172600
2023-04-04,1594.050048828125,1603.7900390625,1591.199951171875,1601.8900146484375,3328600
2023-04-05,1571.1300048828125,1594.68994140625,1569.3699951171875,1593.9200439453125,3712500
2023-04-07,1577.0699462890625,1582.9599609375,1571.260009765625,1573.3599853515625,3088300
2023-04-10,1593.1300048828125,1596.5400390625,1571.1400146484375,1577.3900146484375,3191100
2023-04-11,1597.0999755859375,1598.030029296875,1590.280029296875,1595.77001953125,3300000
2023-04-12,1592.6700439453125,1598.27001953125,1580.7099609375,1597.5899658203125,2716800
2023-04-17,1600.4100341796875,1604.2099609375,1587.8699951171875,1593.0899658203125,3339600
2023-04-18,1593.8499755859375,1601.31005859375,1589.5799560546875,1600.1600341796875,3410100
2023-04-19,1580.72998046875,1595.0799560546875,1579.22998046875,1588.9000244140625,3403800
2023-04-20,1565.0999755859375,1582.300048828125,1562.1099853515625,1579.97998046875,3675900
2023-04-21,1558.3599853515625,1572.4300537109375,1549.6400146484375,1563.9100341796875,4137500
2023-04-24,1557.8699951171875,1561.550048828125,1553.1500244140625,1555.760009765625,2498700
2023-04-25,1540.199951171875,1559.8599853515625,1538.31005859375,1557.800048828125,3847000
2023-04-26,1543.949951171875,1549.81005859375,1532.0799560546875,1543.2900390625,3500800
2023-04-27,1531.22998046875,1540.239990234375,1525.9300537109375,1539.280029296875,2716700
2023-04-28,1529.1199951171875,1542.4100341796875,1524.300048828125,1536.280029296875,2604500
2023-05-02,1528.4300537109375,1535.3499755859375,1517.97998046875,1531.9200439453125,2881300
2023-05-03,1533.300048828125,1533.9000244140625,1507.219970703125,1521.1700439453125,3712300
2023-05-08,1562.25,1562.25,1537.4599609375,1541.510009765625,3115900
2023-05-09,1564.6600341796875,1569.739990234375,1554.6800537109375,1561.760009765625,3257500
2023-05-10,1569.56005859375,1570.8499755859375,1557.6800537109375,1562.6600341796875,3150200
2023-05-11,1567.4000244140625,1576.5899658203125,1564.780029296875,1571.2099609375,3725800
2023-05-12,1561.3499755859375,1567.81005859375,1548.030029296875,1565.6600341796875,4260500
2023-05-15,1541.3800048828125,1570.6199951171875,1536.8199462890625,1570.6199951171875,4815800
2023-05-16,1539.8399658203125,1545.739990234375,1536.3599853515625,1541.1099853515625,3865500
2023-05-17,1522.739990234375,1543.6300048828125,1517.2099609375,1541.2900390625,3881500
2023-05-18,1526.68994140625,1541.06005859375,1526.68994140625,1531.1500244140625,3773700
2023-05-19,1514.8900146484375,1530.469970703125,1512.6600341796875,1529.1500244140625,4245300
2023-05-22,1529.239990234375,1531.010009765625,1491.1199951171875,1505.2099609375,4337100
2023-05-23,1534.8399658203125,1536.5899658203125,1518.3800048828125,1526.1500244140625,3859400
2023-05-24,1536.510009765625,1542.9100341796875,1529.449951171875,1530.6099853515625,3195400
2023-05-25,1535.4200439453125,1541.06005859375,1529.6400146484375,1537.550048828125,3345600
2023-05-26,1530.8399658203125,1536.0799560546875,1527.5899658203125,1533.1800537109375,3093300
2023-05-29,1540.969970703125,1543.1099853515625,1535.6300048828125,1535.6300048828125,3599600
2023-05-30,1534.81005859375,1545.550048828125,1531.300048828125,1543.300048828125,3495400
2023-05-31,1533.5400390625,1533.5400390625,1521.3299560546875,1525.5799560546875,4938500
2023-06-01,1521.4000244140625,1536.760009765625,1521.31005859375,1534.1600341796875,3915800
2023-06-02,1531.199951171875,1534.489990234375,1524.52001953125,1526.8699951171875,3046000
2023-06-06,1528.5400390625,1539.489990234375,1526.9300537109375,1537.6199951171875,3595200
2023-06-07,1533.2099609375,1534.68994140625,1522.300048828125,1531.300048828125,3681500
2023-06-08,1559.5,1559.5,1530.550048828125,1533.56005859375,3930700
2023-06-09,1555.1099853515625,1559.4300537109375,1549.5699462890625,1558.93994140625,3323900
2023-06-12,1551.4100341796875,1555.8900146484375,1547.4599609375,1551.1199951171875,2891700
2023-06-13,1562.4000244140625,1566.260009765625,1552.300048828125,1553.1099853515625,3365500
2023-06-14,1561.1500244140625,1569.3399658203125,1559.3399658203125,1565.8499755859375,3234200
2023-06-15,1557.7099609375,1566.1400146484375,1555.5400390625,1561.469970703125,3392000
2023-06-16,1559.3900146484375,1567.969970703125,1546.47998046875,1562.6700439453125,3591500
2023-06-19,1556.9200439453125,1562.3599853515625,1550.75,1554.81005859375,2543200
2023-06-20,1537.5899658203125,1550.4599609375,1532.9599609375,1545.4300537109375,3581800
2023-06-21,1522.1199951171875,1534.72998046875,1517.510009765625,1533.8699951171875,3258700
2023-06-22,1509.31005859375,1525.260009765625,1506.0899658203125,1524.3499755859375,3524100
2023-06-23,1505.52001953125,1510.4200439453125,1495.8199462890625,1504.5,2815200
2023-06-26,1485.3199462890625,1507.6300048828125,1483.9200439453125,1504.27001953125,3747800
2023-06-27,1478.0999755859375,1495.6700439453125,1478.0999755859375,1488.1700439453125,2633800
2023-06-28,1466.9300537109375,1485.8900146484375,1465.449951171875,1483.3199462890625,3870600
2023-06-29,1479.5699462890625,1490.7099609375,1461.6099853515625,1468.0,4344000
2023-06-30,1503.0999755859375,1506.18994140625,1487.739990234375,1488.8599853515625,4400100
2023-07-03,1506.8399658203125,1509.1500244140625,1494.5699462890625,1507.6500244140625,2147300
2023-07-04,1515.31005859375,1520.02001953125,1502.5,1504.1199951171875,3024800
2023-07-05,1508.8699951171875,1516.22998046875,1506.3599853515625,1512.9300537109375,3168000
2023-07-06,1490.4599609375,1505.8800048828125,1486.489990234375,1503.3800048828125,3033900
2023-07-07,1490.510009765625,1496.5899658203125,1474.93994140625,1481.9100341796875,2226700
2023-07-10,1496.8900146484375,1498.3599853515625,1482.2099609375,1493.2099609375,2306200
2023-07-11,1496.9599609375,1505.4000244140625,1492.6300048828125,1503.06005859375,2683400
2023-07-12,1491.1400146484375,1507.010009765625,1488.010009765625,1500.969970703125,3565100
2023-07-13,1494.02001953125,1497.239990234375,1487.47998046875,1491.050048828125,2616900
2023-07-14,1517.9200439453125,1519.0799560546875,1497.8499755859375,1497.8499755859375,3223800
2023-07-17,1528.77001953125,1532.1199951171875,1515.449951171875,1521.3900146484375,4396800
2023-07-18,1535.300048828125,1535.6199951171875,1526.9100341796875,1527.1300048828125,3620300
2023-07-19,1536.6400146484375,1545.699951171875,1529.25,1537.6800537109375,4046400
2023-07-20,1521.1800537109375,1541.489990234375,1521.1800537109375,1536.0799560546875,3396400
2023-07-21,1529.25,1532.469970703125,1516.75,1524.0400390625,3494400
2023-07-24,1523.81005859375,1537.1500244140625,1520.77001953125,1529.4100341796875,3365700
2023-07-25,1526.300048828125,1533.739990234375,1519.280029296875,1529.1700439453125,2593300
2023-07-26,1524.5899658203125,1530.1800537109375,1519.43994140625,1527.4100341796875,2643700
2023-07-27,1543.27001953125,1546.27001953125,1520.8900146484375,1527.1199951171875,4246400
2023-07-31,1556.06005859375,1559.0699462890625,1547.6199951171875,1548.75,4528600
2023-08-02,1550.280029296875,1562.0699462890625,1546.22998046875,1550.06005859375,16298100
2023-08-03,1529.010009765625,1546.1099853515625,1528.6300048828125,1543.780029296875,4135200
2023-08-04,1530.4599609375,1539.0699462890625,1530.3399658203125,1531.030029296875,3572200
2023-08-07,1532.510009765625,1540.219970703125,1519.3699951171875,1533.1800537109375,3226300
2023-08-08,1518.43994140625,1536.81005859375,1518.43994140625,1534.6099853515625,2828500
2023-08-09,1528.300048828125,1528.300048828125,1514.3800048828125,1520.9000244140625,3333200
2023-08-10,1533.4100341796875,1533.4100341796875,1518.6199951171875,1527.9300537109375,3512500
2023-08-11,1535.1600341796875,1540.18994140625,1528.8499755859375,1535.469970703125,5129500
2023-08-15,1520.72998046875,1535.969970703125,1517.3399658203125,1534.050048828125,3854400
2023-08-16,1519.56005859375,1521.4100341796875,1506.0,1516.6400146484375,4845100
2023-08-17,1528.81005859375,1531.0799560546875,1512.0799560546875,1515.0999755859375,4240200
2023-08-18,1519.1199951171875,1527.75,1516.1800537109375,1525.75,4483100
2023-08-21,1525.8499755859375,1529.3399658203125,1514.699951171875,1522.43994140625,3472500
2023-08-22,1545.5999755859375,1548.3199462890625,1532.449951171875,1535.5400390625,6131000
2023-08-23,1549.010009765625,1554.280029296875,1543.3699951171875,1550.199951171875,5763800
2023-08-24,1557.4100341796875,1563.6199951171875,1552.969970703125,1552.969970703125,6048400
2023-08-25,1560.199951171875,1562.1199951171875,1551.0999755859375,1554.739990234375,5315200
2023-08-28,1562.969970703125,1568.6800537109375,1560.4100341796875,1566.0,6510200
2023-08-29,1568.81005859375,1573.18994140625,1563.1500244140625,1566.0,5458600
2023-08-30,1576.6700439453125,1579.4300537109375,1572.8199462890625,1574.300048828125,5588900
2023-08-31,1565.93994140625,1576.1700439453125,1563.030029296875,1575.300048828125,9274000
2023-09-01,1561.510009765625,1571.81005859375,1559.199951171875,1569.199951171875,5468100
2023-09-04,1548.6800537109375,1565.739990234375,1546.8399658203125,1564.9000244140625,4998400
2023-09-05,1547.8599853515625,1553.9300537109375,1545.4000244140625,1548.8699951171875,5581800
2023-09-06,1548.780029296875,1554.7900390625,1542.6600341796875,1547.75,5579900
2023-09-07,1550.3599853515625,1556.93994140625,1546.4300537109375,1548.8599853515625,3714500
2023-09-08,1547.1700439453125,1554.5,1546.9100341796875,1551.199951171875,4130100
2023-09-11,1540.93994140625,1550.4599609375,1535.8199462890625,1548.9300537109375,4199600
2023-09-12,1545.5,1550.6700439453125,1543.2099609375,1544.0799560546875,4022000
2023-09-13,1535.31005859375,1546.469970703125,1533.1300048828125,1546.469970703125,3517000
2023-09-14,1545.1400146484375,1547.7099609375,1532.47998046875,1538.030029296875,3714600
2023-09-15,1542.030029296875,1551.010009765625,1541.5799560546875,1550.0400390625,4051500
2023-09-18,1527.5699462890625,1539.4000244140625,1525.469970703125,1539.4000244140625,3239600
2023-09-19,1522.9599609375,1531.6400146484375,1521.4100341796875,1527.6800537109375,3131700
2023-09-20,1507.9000244140625,1521.6600341796875,1503.3299560546875,1521.6600341796875,4292900
2023-09-21,1514.260009765625,1517.3699951171875,1503.22998046875,1504.550048828125,3286000
2023-09-22,1522.5899658203125,1527.1400146484375,1509.6600341796875,1514.0699462890625,3901500
2023-09-25,1507.3599853515625,1524.969970703125,1507.3599853515625,1524.3900146484375,3114900
2023-09-26,1494.02001953125,1514.9000244140625,1494.02001953125,1504.68994140625,4128200
2023-09-27,1497.1500244140625,1499.06005859375,1488.1400146484375,1494.1400146484375,3690900
2023-09-28,1482.1400146484375,1505.68994140625,1481.52001953125,1497.6500244140625,4212400
2023-09-29,1471.4300537109375,1484.6199951171875,1471.4300537109375,1482.1199951171875,3536200
2023-10-02,1469.4599609375,1478.010009765625,1461.6600341796875,1473.5400390625,3281700
2023-10-03,1447.300048828125,1459.989990234375,1443.239990234375,1458.6500244140625,4500000
2023-10-04,1451.25,1454.800048828125,1429.989990234375,1430.739990234375,3761800
2023-10-05,1452.550048828125,1456.3399658203125,1443.4300537109375,1454.5699462890625,3029800
2023-10-06,1438.449951171875,1457.81005859375,1434.0,1457.81005859375,3175700
2023-10-09,1431.719970703125,1435.7900390625,1423.1700439453125,1434.6700439453125,3518700
2023-10-10,1434.449951171875,1442.030029296875,1429.9200439453125,1441.8399658203125,3768800
2023-10-11,1455.989990234375,1456.72998046875,1434.449951171875,1438.0799560546875,4205500
2023-10-12,1450.75,1459.18994140625,1448.3800048828125,1457.0,3010500
2023-10-16,1427.1099853515625,1446.260009765625,1416.2099609375,1443.8900146484375,4282500
2023-10-17,1433.4000244140625,1441.0,1429.1800537109375,1431.8299560546875,2907600
2023-10-18,1437.8499755859375,1445.3399658203125,1429.780029296875,1432.93994140625,4027900
2023-10-19,1423.0400390625,1428.75,1419.3900146484375,1425.0699462890625,2718100
2023-10-20,1399.3499755859375,1422.3299560546875,1397.800048828125,1420.239990234375,4090500
2023-10-24,1391.030029296875,1398.72998046875,1387.5999755859375,1395.9200439453125,3135800
2023-10-25,1401.699951171875,1414.1300048828125,1399.43994140625,1401.25,2996800
2023-10-26,1371.219970703125,1396.1700439453125,1370.300048828125,1394.5,3727100
2023-10-27,1388.22998046875,1390.7900390625,1366.18994140625,1381.510009765625,3704100
2023-10-30,1395.8499755859375,1398.0400390625,1381.2099609375,1381.5699462890625,2506200
2023-10-31,1381.8299560546875,1395.7900390625,1374.6600341796875,1395.5999755859375,2678100
2023-11-01,1379.9599609375,1388.010009765625,1373.199951171875,1380.8900146484375,3228700
2023-11-02,1403.989990234375,1407.81005859375,1391.5400390625,1391.969970703125,3113300
2023-11-03,1419.760009765625,1424.6600341796875,1410.0400390625,1412.8900146484375,3362300
2023-11-06,1417.2099609375,1431.510009765625,1417.2099609375,1430.010009765625,3016700
2023-11-07,1408.300048828125,1420.030029296875,1406.719970703125,1413.6400146484375,11480700
2023-11-08,1411.77001953125,1417.1600341796875,1406.949951171875,1410.0699462890625,3206700
2023-11-09,1404.969970703125,1411.8399658203125,1389.4599609375,1410.8299560546875,3357700
2023-11-10,1389.5699462890625,1406.0799560546875,1387.4100341796875,1392.6800537109375,3432200
2023-11-13,1387.1300048828125,1392.5400390625,1378.0799560546875,1391.469970703125,12051300
2023-11-14,1386.0400390625,1393.199951171875,1377.68994140625,1390.3699951171875,3876500
2023-11-15,1415.1700439453125,1416.8900146484375,1400.260009765625,1401.47998046875,4144300
2023-11-16,1415.3399658203125,1417.199951171875,1407.7900390625,1413.050048828125,3182800
2023-11-17,1415.780029296875,1422.6800537109375,1406.2099609375,1408.0400390625,3013800
2023-11-20,1419.43994140625,1419.8599853515625,1409.550048828125,1415.6800537109375,2779600
2023-11-21,1423.6099853515625,1427.1300048828125,1418.4200439453125,1427.0400390625,2916400
2023-11-22,1414.1500244140625,1423.0699462890625,1407.3699951171875,1422.02001953125,3381200
2023-11-23,1406.6099853515625,1415.02001953125,1400.47998046875,1414.9300537109375,3392000
2023-11-24,1397.4300537109375,1410.8299560546875,1395.8299560546875,1407.3900146484375,2794200
2023-11-27,1393.4200439453125,1397.8800048828125,1385.3299560546875,1393.02001953125,2644500
2023-11-28,1401.4200439453125,1406.0799560546875,1394.0400390625,1398.5699462890625,10975000
2023-11-29,1387.68994140625,1405.3499755859375,1386.97998046875,1404.8900146484375,3189100
2023-11-30,1380.1800537109375,1390.0400390625,1371.739990234375,1389.25,5202200
2023-12-01,1380.31005859375,1384.1300048828125,1374.06005859375,1382.25,2388100
2023-12-04,1383.5400390625,1389.489990234375,1374.5999755859375,1376.719970703125,2626900
2023-12-06,1389.550048828125,1393.4599609375,1379.6199951171875,1383.1400146484375,2966400
2023-12-07,1378.72998046875,1384.52001953125,1373.3399658203125,1382.1800537109375,3055800
2023-12-08,1380.989990234375,1389.4000244140625,1376.2900390625,1381.800048828125,2775700
2023-12-12,1373.9200439453125,1383.4100341796875,1370.0400390625,1382.9100341796875,2868500
2023-12-13,1357.969970703125,1370.3900146484375,1354.72998046875,1369.8800048828125,2903200
2023-12-14,1378.93994140625,1380.8800048828125,1366.72998046875,1370.1600341796875,2530600
2023-12-15,1391.030029296875,1398.6500244140625,1382.1300048828125,1384.8699951171875,3806500
2023-12-18,1393.4100341796875,1396.010009765625,1383.8900146484375,1387.3299560546875,2538900
2023-12-19,1394.9000244140625,1397.68994140625,1388.9100341796875,1395.260009765625,3030000
2023-12-20,1400.3699951171875,1406.4000244140625,1395.18994140625,1398.010009765625,3656100
2023-12-21,1404.8399658203125,1407.8699951171875,1394.280029296875,1394.9100341796875,3444400
2023-12-22,1405.0899658203125,1407.5699462890625,1397.9300537109375,1407.3900146484375,2643700
2023-12-26,1413.449951171875,1413.449951171875,1413.449951171875,1413.449951171875,0
2023-12-27,1410.4300537109375,1416.0999755859375,1407.6199951171875,1415.06005859375,2746000
2023-12-28,1415.8499755859375,1418.97998046875,1410.8699951171875,1410.8699951171875,3250100
2024-01-03,1429.6199951171875,1436.3800048828125,1426.2099609375,1431.8800048828125,4909500
2024-01-04,1434.5899658203125,1435.300048828125,1420.739990234375,1427.97998046875,12928400
2024-01-05,1427.9599609375,1438.0999755859375,1425.4000244140625,1432.9300537109375,3858400
2024-01-08,1418.449951171875,1428.06005859375,1413.8599853515625,1426.949951171875,3942400
2024-01-09,1414.9300537109375,1428.43994140625,1414.4200439453125,1427.510009765625,2964900
2024-01-10,1413.52001953125,1418.3299560546875,1410.2099609375,1416.030029296875,4167200
2024-01-11,1408.239990234375,1417.6400146484375,1407.260009765625,1417.300048828125,3102500
2024-01-12,1413.530029296875,1416.3299560546875,1407.77001953125,1407.949951171875,3241600
2024-01-15,1407.02001953125,1416.010009765625,1404.81005859375,1415.6300048828125,12756400
2024-01-16,1401.719970703125,1407.0799560546875,1399.8499755859375,1406.1099853515625,3165100
2024-01-17,1380.6500244140625,1397.969970703125,1378.8499755859375,1397.6400146484375,4182700
2024-01-18,1377.9300537109375,1387.530029296875,1374.0799560546875,1382.3399658203125,3515900
2024-01-19,1382.510009765625,1389.260009765625,1378.280029296875,1384.8399658203125,3844500
2024-01-22,1369.9200439453125,1383.510009765625,1369.4200439453125,1383.4200439453125,5317000
2024-01-23,1356.5400390625,1375.760009765625,1352.47998046875,1373.6199951171875,4801900
2024-01-24,1381.18994140625,1382.800048828125,1354.97998046875,1356.97998046875,4351100
2024-01-25,1376.0899658203125,1379.1500244140625,1370.780029296875,1377.469970703125,4665900
2024-01-26,1368.1500244140625,1379.8900146484375,1364.4100341796875,1375.760009765625,4225400
2024-01-29,1376.280029296875,1379.5999755859375,1366.8399658203125,1373.780029296875,4378000
2024-01-30,1373.1400146484375,1378.3399658203125,1370.699951171875,1376.2900390625,3992200
2024-01-31,1364.52001953125,1374.8699951171875,1359.5400390625,1374.3499755859375,3856600
2024-02-01,1367.9599609375,1372.8299560546875,1357.3900146484375,1363.6500244140625,3226800
2024-02-02,1384.0799560546875,1386.6700439453125,1375.3699951171875,1376.0400390625,3888200
2024-02-05,1383.9300537109375,1389.6700439453125,1379.8599853515625,1383.3800048828125,3602500
2024-02-06,1396.9599609375,1400.6300048828125,1385.9200439453125,1385.9200439453125,4885100
2024-02-07,1400.02001953125,1402.6500244140625,1394.02001953125,1400.199951171875,5029800
2024-02-08,1388.5999755859375,1403.800048828125,1388.1099853515625,1399.4000244140625,4794100
2024-02-09,1388.3699951171875,1391.75,1385.02001953125,1389.9200439453125,2843000
2024-02-12,1389.300048828125,1392.469970703125,1386.280029296875,1389.5400390625,3437200
2024-02-13,1391.72998046875,1397.800048828125,1390.4000244140625,1391.699951171875,3593800
2024-02-14,1385.1099853515625,1386.8599853515625,1378.760009765625,1382.0699462890625,3878300
2024-02-15,1387.27001953125,1392.4599609375,1383.6600341796875,1387.050048828125,3526900
2024-02-16,1386.27001953125,1397.050048828125,1383.3800048828125,1394.1600341796875,3427100
2024-02-19,1387.3299560546875,1390.9200439453125,1382.8800048828125,1383.969970703125,3019300
2024-02-20,1381.0699462890625,1389.06005859375,1376.6500244140625,1388.4100341796875,3508400
2024-02-21,1393.6099853515625,1395.1099853515625,1379.02001953125,1382.9000244140625,4153000
2024-02-22,1402.469970703125,1405.1300048828125,1393.52001953125,1396.6500244140625,3829700
2024-02-23,1398.1400146484375,1404.8399658203125,1396.77001953125,1404.260009765625,4793600
2024-02-27,1393.699951171875,1401.1400146484375,1390.050048828125,1397.800048828125,22936400
2024-02-28,1382.050048828125,1390.260009765625,1380.8800048828125,1389.3900146484375,5544300
2024-02-29,1370.6700439453125,1381.3699951171875,1366.9300537109375,1380.8399658203125,25776100
2024-03-01,1367.4200439453125,1375.219970703125,1364.31005859375,1369.6300048828125,4072700
2024-03-04,1362.5899658203125,1372.010009765625,1362.050048828125,1369.1300048828125,3344900
2024-03-05,1359.260009765625,1362.4599609375,1350.97998046875,1358.8699951171875,3615600
2024-03-06,1370.550048828125,1375.8199462890625,1356.0999755859375,1356.449951171875,3517600
2024-03-07,1372.1600341796875,1377.5699462890625,1364.9200439453125,1374.06005859375,2978700
2024-03-08,1386.4200439453125,1386.5799560546875,1373.050048828125,1373.4100341796875,3470100
2024-03-11,1380.22998046875,1387.6099853515625,1379.719970703125,1383.3800048828125,2945200
2024-03-12,1379.6300048828125,1385.6500244140625,1374.68994140625,1383.3599853515625,3938000
2024-03-13,1384.510009765625,1388.3199462890625,1378.4300537109375,1379.5999755859375,4626400
2024-03-14,1394.9300537109375,1395.8800048828125,1383.260009765625,1384.719970703125,4751000
2024-03-15,1386.0400390625,1393.260009765625,1386.0400390625,1390.1199951171875,5102700
2024-03-18,1385.93994140625,1393.4599609375,1385.010009765625,1388.4000244140625,3729700
2024-03-19,1382.4599609375,1391.2099609375,1382.4599609375,1385.260009765625,3340300
2024-03-20,1373.1800537109375,1386.6700439453125,1372.280029296875,1384.9300537109375,2951100
2024-03-21,1387.6199951171875,1388.6600341796875,1382.989990234375,1383.6099853515625,3483300
2024-03-22,1381.0400390625,1389.7900390625,1379.4300537109375,1383.81005859375,3441300
2024-03-25,1372.489990234375,1385.6099853515625,1368.2099609375,1381.0,3693900
2024-03-26,1377.22998046875,1379.510009765625,1369.6300048828125,1372.4000244140625,4601200
2024-03-27,1380.8299560546875,1385.0699462890625,1374.9200439453125,1375.5999755859375,3608500
2024-03-28,1370.3399658203125,1383.5999755859375,1368.81005859375,1381.81005859375,3892400
2024-03-29,1377.93994140625,1378.4599609375,1371.1700439453125,1372.97998046875,2959200
2024-04-01,1379.47998046875,1384.3199462890625,1374.239990234375,1379.8599853515625,3446500
2024-04-02,1379.4599609375,1382.010009765625,1374.77001953125,1377.68994140625,3387000
2024-04-03,1375.68994140625,1384.1700439453125,1374.260009765625,1375.06005859375,3786100
2024-04-04,1373.8900146484375,1379.4100341796875,1368.800048828125,1378.1500244140625,2853400
2024-04-05,1375.5799560546875,1377.8599853515625,1367.5899658203125,1369.8499755859375,3147700
2024-04-09,1401.1099853515625,1401.1099853515625,1376.8299560546875,1378.7900390625,4004600
2024-04-10,1408.1700439453125,1411.4599609375,1402.8900146484375,1404.030029296875,3970700
2024-04-11,1396.3800048828125,1406.77001953125,1394.7099609375,1405.6500244140625,3344200
2024-04-17,1366.93994140625,1380.1199951171875,1363.43994140625,1378.0400390625,4499300
2024-04-18,1361.02001953125,1372.989990234375,1349.0,1368.199951171875,4403500
2024-04-19,1332.0799560546875,1343.3199462890625,1330.239990234375,1339.949951171875,4808000
2024-04-22,1349.52001953125,1350.93994140625,1339.9200439453125,1343.550048828125,3833500
2024-04-23,1357.4599609375,1362.530029296875,1353.3499755859375,1353.5,3873300
2024-04-24,1361.0999755859375,1364.9100341796875,1355.43994140625,1364.719970703125,3496600
2024-04-25,1364.27001953125,1365.780029296875,1356.9599609375,1358.699951171875,3110000
2024-04-26,1359.93994140625,1366.239990234375,1358.260009765625,1364.949951171875,3288500
2024-04-29,1361.969970703125,1364.699951171875,1355.3599853515625,1364.52001953125,3071500
2024-04-30,1367.949951171875,1372.8499755859375,1363.2099609375,1364.68994140625,3620100
2024-05-02,1363.25,1372.010009765625,1362.8399658203125,1368.239990234375,3740900
2024-05-03,1369.9200439453125,1372.719970703125,1364.260009765625,1367.280029296875,3865600
2024-05-07,1376.3699951171875,1384.739990234375,1373.97998046875,1374.0999755859375,3860100
2024-05-08,1373.3299560546875,1379.0400390625,1372.8599853515625,1377.81005859375,3478600
2024-05-09,1369.2900390625,1379.75,1367.8800048828125,1374.4000244140625,3846500
2024-05-10,1371.9000244140625,1372.3199462890625,1365.9200439453125,1371.300048828125,3219400
2024-05-13,1372.5,1375.1400146484375,1366.06005859375,1371.9000244140625,3735400
2024-05-14,1376.5699462890625,1380.449951171875,1372.77001953125,1374.3399658203125,3500600
2024-05-15,1370.43994140625,1378.3599853515625,1366.8499755859375,1377.5699462890625,4902000
2024-05-16,1377.719970703125,1383.3800048828125,1373.6400146484375,1375.02001953125,4306900
2024-05-17,1382.6800537109375,1384.8199462890625,1376.7900390625,1378.5999755859375,3574300
2024-05-20,1378.699951171875,1389.280029296875,1377.4200439453125,1385.550048828125,3999700
2024-05-21,1370.8299560546875,1376.93994140625,1367.1400146484375,1376.9200439453125,3576300
2024-05-23,1367.8399658203125,1374.0400390625,1364.31005859375,1368.239990234375,4376800
2024-05-24,1364.47998046875,1365.969970703125,1359.219970703125,1361.1600341796875,4022700
2024-05-27,1366.3699951171875,1369.6800537109375,1362.18994140625,1368.0400390625,13394300
2024-05-28,1362.699951171875,1368.949951171875,1361.27001953125,1368.1400146484375,3104900
2024-05-29,1349.8299560546875,1363.9599609375,1349.8299560546875,1360.5799560546875,3286600
2024-05-30,1351.52001953125,1353.5,1340.8299560546875,1345.7099609375,3355200
2024-05-31,1345.6600341796875,1359.25,1342.6199951171875,1353.93994140625,6489700
2024-06-04,1337.3199462890625,1354.75,1336.0699462890625,1350.9000244140625,4742200
2024-06-05,1338.3199462890625,1344.3900146484375,1333.969970703125,1339.5799560546875,4143800
2024-06-06,1328.4100341796875,1344.47998046875,1325.7099609375,1341.739990234375,3771900
2024-06-07,1332.739990234375,1334.1199951171875,1325.949951171875,1327.300048828125,3533600
2024-06-10,1318.5699462890625,1329.81005859375,1313.260009765625,1328.9000244140625,3844900
2024-06-11,1316.0999755859375,1325.52001953125,1314.3499755859375,1318.6800537109375,4585800
2024-06-12,1316.68994140625,1320.510009765625,1311.0400390625,1316.6199951171875,3829400
2024-06-13,1311.780029296875,1323.3299560546875,1310.4000244140625,1320.5899658203125,3599400
2024-06-14,1306.56005859375,1315.699951171875,1304.31005859375,1311.3800048828125,3368400
2024-06-17,1296.5899658203125,1305.199951171875,1288.5799560546875,1305.1300048828125,3922800
2024-06-18,1297.4100341796875,1310.760009765625,1296.1800537109375,1300.2099609375,3602100
2024-06-19,1303.8199462890625,1304.1500244140625,1281.8699951171875,1300.969970703125,6281200
2024-06-20,1298.2900390625,1304.239990234375,1293.68994140625,1302.449951171875,3836000
2024-06-21,1306.4100341796875,1311.31005859375,1289.2099609375,1295.0999755859375,6508800
2024-06-24,1316.72998046875,1317.6300048828125,1300.3599853515625,1302.6199951171875,4298300
2024-06-25,1319.1400146484375,1323.72998046875,1315.6400146484375,1318.1800537109375,4360600
2024-06-26,1319.1500244140625,1324.47998046875,1315.5,1322.719970703125,3308700
2024-06-27,1309.4599609375,1316.5799560546875,1307.6700439453125,1315.6099853515625,3575800
2024-06-28,1300.9599609375,1311.72998046875,1296.6700439453125,1311.4200439453125,5350900
2024-07-01,1299.3499755859375,1306.280029296875,1296.1099853515625,1301.9599609375,3175800
2024-07-02,1288.5799560546875,1297.8499755859375,1286.8299560546875,1297.47998046875,3567000
2024-07-03,1294.699951171875,1296.1300048828125,1286.7900390625,1289.5699462890625,2527300
2024-07-04,1301.0400390625,1309.4599609375,1300.260009765625,1300.6199951171875,2517400
2024-07-05,1311.989990234375,1312.75,1298.4300537109375,1303.06005859375,3588200
2024-07-08,1322.5,1322.5,1311.050048828125,1311.699951171875,3271700
2024-07-09,1319.9200439453125,1325.1800537109375,1317.02001953125,1323.81005859375,3207500
2024-07-10,1323.280029296875,1327.1600341796875,1318.719970703125,1320.6800537109375,3122300
2024-07-11,1329.3699951171875,1330.010009765625,1320.0,1326.199951171875,3313000
2024-07-12,1332.0400390625,1332.760009765625,1325.6400146484375,1327.780029296875,3686600
2024-07-15,1327.4300537109375,1328.510009765625,1320.56005859375,1326.06005859375,3734500
2024-07-16,1321.31005859375,1330.8399658203125,1320.0799560546875,1327.77001953125,3561600
2024-07-17,1319.7900390625,1330.219970703125,1318.4100341796875,1325.3900146484375,3704600
2024-07-18,1324.760009765625,1327.02001953125,1317.8900146484375,1318.4599609375,4251100
2024-07-19,1317.1400146484375,1324.5699462890625,1317.1400146484375,1321.300048828125,2799800
2024-07-23,1301.5400390625,1321.2099609375,1300.0400390625,1318.81005859375,4110900
2024-07-24,1298.0799560546875,1301.550048828125,1293.949951171875,1299.6400146484375,3665700
2024-07-25,1291.5799560546875,1295.8800048828125,1288.219970703125,1289.97998046875,3611800
2024-07-26,1307.2099609375,1307.2099609375,1290.47998046875,1292.6400146484375,3753100
2024-07-30,1308.0899658203125,1315.780029296875,1306.219970703125,1311.949951171875,4129200
2024-07-31,1320.8599853515625,1322.0799560546875,1311.9300537109375,1312.68994140625,3642300
2024-08-01,1322.75,1329.760009765625,1319.2900390625,1322.510009765625,3794000
2024-08-02,1313.0799560546875,1318.260009765625,1310.52001953125,1315.0699462890625,3147200
2024-08-05,1274.6700439453125,1296.1099853515625,1273.1700439453125,1295.6500244140625,5238700
2024-08-06,1274.010009765625,1289.239990234375,1274.010009765625,1285.6199951171875,3247700
2024-08-07,1290.550048828125,1293.93994140625,1282.050048828125,1282.050048828125,4038200
2024-08-08,1296.25,1299.1400146484375,1287.1400146484375,1287.530029296875,3635700
2024-08-09,1297.0699462890625,1309.6600341796875,1292.800048828125,1305.8800048828125,3821200
2024-08-13,1297.7900390625,1300.8299560546875,1292.4100341796875,1299.72998046875,3792500
2024-08-14,1292.68994140625,1306.8800048828125,1280.989990234375,1300.5899658203125,5413800
2024-08-15,1289.8399658203125,1293.0999755859375,1279.3399658203125,1291.8900146484375,3870500
2024-08-16,1303.0,1305.030029296875,1295.3499755859375,1295.949951171875,3503400
2024-08-19,1323.3800048828125,1323.3800048828125,1302.969970703125,1305.8900146484375,5146100
2024-08-20,1328.1199951171875,1337.3499755859375,1323.93994140625,1327.25,4341200
2024-08-21,1337.8299560546875,1339.6099853515625,1327.1199951171875,1328.5,4990900
2024-08-22,1341.030029296875,1343.3499755859375,1334.7900390625,1338.8399658203125,4055400
2024-08-23,1354.8699951171875,1355.52001953125,1340.5899658203125,1341.530029296875,6408000
2024-08-26,1364.81005859375,1366.760009765625,1351.3299560546875,1356.1099853515625,5902000
2024-08-27,1364.31005859375,1368.550048828125,1360.739990234375,1365.6400146484375,4895000
2024-08-28,1365.719970703125,1370.6700439453125,1356.510009765625,1361.5899658203125,4050200
2024-08-29,1357.4100341796875,1366.760009765625,1355.989990234375,1361.3399658203125,3321900
2024-08-30,1359.0699462890625,1367.0899658203125,1355.4599609375,1360.1600341796875,5566400
2024-09-02,1353.6400146484375,1353.6400146484375,1353.6400146484375,1353.6400146484375,0
2024-09-03,1364.5999755859375,1370.0400390625,1354.260009765625,1354.260009765625,3945000
2024-09-04,1365.489990234375,1367.8800048828125,1355.31005859375,1355.31005859375,3522800
2024-09-05,1404.280029296875,1406.489990234375,1371.489990234375,1372.2900390625,6841900
2024-09-06,1427.6400146484375,1431.239990234375,1412.760009765625,1413.93994140625,8722900
2024-09-09,1431.1300048828125,1438.31005859375,1417.6800537109375,1429.1600341796875,7500300
2024-09-10,1428.030029296875,1434.6800537109375,1422.6300048828125,1431.9100341796875,6123800
2024-09-11,1415.4100341796875,1428.1300048828125,1405.300048828125,1424.68994140625,5734400
2024-09-12,1421.5799560546875,1429.449951171875,1419.93994140625,1422.4200439453125,4569400
2024-09-13,1424.3900146484375,1433.6600341796875,1421.469970703125,1428.1500244140625,5600100
2024-09-16,1435.530029296875,1436.800048828125,1423.199951171875,1425.8900146484375,8451200
2024-09-17,1436.5999755859375,1439.3499755859375,1431.56005859375,1437.469970703125,7316600
2024-09-18,1435.77001953125,1446.52001953125,1432.9100341796875,1437.68994140625,6480100
2024-09-19,1454.8399658203125,1454.8399658203125,1436.1400146484375,1440.3499755859375,6953900
2024-09-20,1451.68994140625,1462.3499755859375,1451.68994140625,1458.2099609375,7876100
2024-09-23,1447.9000244140625,1455.43994140625,1442.02001953125,1454.18994140625,4849300
2024-09-24,1462.0999755859375,1463.31005859375,1447.5899658203125,1451.6700439453125,4468100
2024-09-25,1461.5799560546875,1471.68994140625,1460.22998046875,1466.3699951171875,6325300
2024-09-26,1455.030029296875,1464.81005859375,1449.6800537109375,1463.3699951171875,5682300
2024-09-27,1450.1500244140625,1460.550048828125,1446.5999755859375,1453.97998046875,5389900
2024-09-30,1448.8299560546875,1453.5400390625,1444.1099853515625,1445.1800537109375,4717400
2024-10-01,1464.6600341796875,1468.1400146484375,1449.6400146484375,1449.81005859375,4035900
2024-10-02,1451.4000244140625,1464.27001953125,1447.4000244140625,1461.7099609375,5561800
2024-10-03,1442.72998046875,1452.0,1440.31005859375,1446.6500244140625,4205800
2024-10-04,1444.25,1447.6500244140625,1432.219970703125,1441.8399658203125,4571900
2024-10-07,1452.199951171875,1453.699951171875,1443.56005859375,1444.27001953125,3779000
2024-10-08,1452.800048828125,1459.6400146484375,1447.3499755859375,1448.27001953125,3988000
2024-10-09,1456.969970703125,1460.3299560546875,1453.3299560546875,1454.780029296875,4474300
2024-10-10,1468.52001953125,1474.510009765625,1458.5899658203125,1462.469970703125,4199400
2024-10-11,1470.0999755859375,1482.02001953125,1470.0999755859375,1471.9300537109375,4214800
2024-10-15,1465.030029296875,1478.3699951171875,1463.3199462890625,1472.68994140625,4542000
2024-10-16,1485.010009765625,1488.5899658203125,1461.1199951171875,1462.6500244140625,5744400
2024-10-17,1495.02001953125,1498.6099853515625,1489.719970703125,1490.0999755859375,4485000
2024-10-18,1489.8199462890625,1506.8199462890625,1488.6099853515625,1493.97998046875,4687400
2024-10-21,1488.739990234375,1494.6700439453125,1482.75,1493.0799560546875,3366700
2024-10-22,1470.3199462890625,1487.800048828125,1467.77001953125,1485.81005859375,3560700
2024-10-24,1460.6400146484375,1476.5799560546875,1458.6700439453125,1466.27001953125,4476700
2024-10-25,1463.4200439453125,1468.7900390625,1456.5899658203125,1463.77001953125,3036300
2024-10-28,1453.030029296875,1465.8599853515625,1449.72998046875,1464.1199951171875,3841100
2024-10-29,1451.1600341796875,1461.9300537109375,1449.239990234375,1453.9000244140625,2987100
2024-10-30,1447.199951171875,1456.02001953125,1443.2099609375,1448.949951171875,3285000
2024-10-31,1466.0400390625,1468.449951171875,1446.260009765625,1446.260009765625,3140900
2024-11-01,1464.1700439453125,1466.9100341796875,1459.260009765625,1464.1700439453125,3002600
2024-11-04,1462.949951171875,1473.280029296875,1461.4599609375,1467.969970703125,2647900
2024-11-05,1481.6700439453125,1486.550048828125,1462.6300048828125,1464.550048828125,2650200
2024-11-06,1467.4200439453125,1487.5799560546875,1463.06005859375,1484.3800048828125,4411100
2024-11-07,1469.719970703125,1478.77001953125,1468.56005859375,1469.7099609375,3442000
2024-11-08,1464.68994140625,1474.5899658203125,1458.3399658203125,1473.18994140625,2914200
2024-11-11,1456.469970703125,1465.2900390625,1452.81005859375,1463.75,3667100
2024-11-12,1445.0699462890625,1460.1300048828125,1443.1500244140625,1455.9000244140625,3755000
2024-11-13,1451.469970703125,1463.31005859375,1447.8199462890625,1447.8199462890625,3086500
2024-11-14,1450.1199951171875,1461.989990234375,1441.1500244140625,1450.010009765625,3902000
2024-11-15,1442.6300048828125,1458.3199462890625,1436.7900390625,1455.81005859375,3556700
2024-11-18,1452.780029296875,1456.5699462890625,1442.1600341796875,1448.300048828125,2898900
2024-11-19,1460.1099853515625,1471.47998046875,1458.9100341796875,1460.25,3280400
2024-11-20,1462.47998046875,1462.77001953125,1454.68994140625,1462.6500244140625,2411000
2024-11-21,1440.4599609375,1453.1199951171875,1436.72998046875,1442.72998046875,2693000
2024-11-22,1446.300048828125,1451.52001953125,1435.780029296875,1445.1700439453125,3417900
2024-11-25,1443.31005859375,1455.3900146484375,1441.8599853515625,1452.77001953125,3001900
2024-11-26,1438.25,1448.5899658203125,1435.5400390625,1442.27001953125,2837600
2024-11-27,1430.4000244140625,1437.27001953125,1425.9300537109375,1436.3199462890625,2759400
2024-11-28,1428.010009765625,1433.6099853515625,1421.9599609375,1430.31005859375,2938900
2024-11-29,1427.5400390625,1433.030029296875,1422.8800048828125,1429.02001953125,3437200
2024-12-02,1437.1099853515625,1437.1099853515625,1421.1800537109375,1430.550048828125,2991100
2024-12-03,1454.760009765625,1455.8399658203125,1441.4300537109375,1441.4300537109375,3795700
2024-12-04,1450.8199462890625,1457.7099609375,1448.5400390625,1455.1600341796875,4401300
2024-12-06,1451.9599609375,1454.969970703125,1448.2099609375,1450.050048828125,2915600
2024-12-09,1447.530029296875,1450.4100341796875,1441.989990234375,1448.93994140625,2570700
2024-12-11,1443.050048828125,1454.3199462890625,1441.6800537109375,1444.949951171875,2647400
2024-12-12,1439.8900146484375,1456.9200439453125,1439.010009765625,1448.5899658203125,3080000
2024-12-13,1431.6700439453125,1438.6700439453125,1429.6800537109375,1435.31005859375,3648100
2024-12-16,1419.719970703125,1424.6800537109375,1414.8599853515625,1422.800048828125,3076000
2024-12-17,1395.5699462890625,1421.6500244140625,1393.93994140625,1418.02001953125,4249900
2024-12-18,1398.949951171875,1404.47998046875,1389.239990234375,1399.280029296875,3363700
2024-12-19,1377.530029296875,1394.260009765625,1374.3299560546875,1384.239990234375,3597200
2024-12-20,1365.0699462890625,1379.9100341796875,1361.3399658203125,1375.8299560546875,4330100
2024-12-23,1386.9100341796875,1386.9300537109375,1366.7099609375,1374.06005859375,4369500
2024-12-24,1394.6700439453125,1397.510009765625,1388.219970703125,1390.1600341796875,2174600
2024-12-26,1397.800048828125,1403.449951171875,1395.4000244140625,1400.5999755859375,2432200
2024-12-27,1401.4599609375,1410.02001953125,1395.1500244140625,1398.1300048828125,3608700
2024-12-30,1400.2099609375,1409.1300048828125,1398.3900146484375,1403.27001953125,2930700
2025-01-02,1379.8499755859375,1399.3499755859375,1378.43994140625,1397.9300537109375,2817600
2025-01-03,1384.760009765625,1390.27001953125,1379.0899658203125,1383.280029296875,2416300
2025-01-06,1372.6500244140625,1390.8399658203125,1370.68994140625,1388.6400146484375,2888400
2025-01-07,1390.8800048828125,1395.699951171875,1375.2900390625,1375.2900390625,2979100
2025-01-08,1387.719970703125,1392.4300537109375,1381.719970703125,1390.81005859375,2625900
2025-01-09,1362.969970703125,1385.3399658203125,1360.27001953125,1385.3399658203125,4249300
2025-01-10,1367.989990234375,1371.0999755859375,1352.3299560546875,1362.9100341796875,4870500
2025-01-13,1354.3399658203125,1362.1400146484375,1349.02001953125,1359.2099609375,3911000
2025-01-14,1340.25,1363.8599853515625,1340.25,1363.8599853515625,3743900
2025-01-15,1353.1700439453125,1353.1700439453125,1334.7900390625,1343.18994140625,3352600
2025-01-16,1352.56005859375,1363.550048828125,1346.449951171875,1362.1400146484375,3080800
2025-01-17,1340.6300048828125,1356.3299560546875,1338.8399658203125,1348.06005859375,3204600
2025-01-20,1340.5,1350.4100341796875,1338.2900390625,1344.530029296875,2099600
2025-01-21,1352.530029296875,1357.5,1343.22998046875,1346.5899658203125,2975000
2025-01-22,1361.77001953125,1363.9200439453125,1355.219970703125,1355.219970703125,3528000
2025-01-23,1344.1700439453125,1362.0,1344.1700439453125,1359.8699951171875,2948600
2025-01-24,1354.0699462890625,1354.0699462890625,1344.6199951171875,1350.030029296875,2532500
2025-01-27,1340.93994140625,1354.739990234375,1340.5899658203125,1349.050048828125,2806500
2025-01-28,1345.77001953125,1347.5400390625,1334.260009765625,1334.260009765625,2821000
2025-01-29,1343.18994140625,1351.6800537109375,1341.3199462890625,1350.72998046875,2867400
2025-01-30,1335.6400146484375,1345.760009765625,1333.27001953125,1342.719970703125,2803900
2025-01-31,1314.5,1337.800048828125,1310.719970703125,1336.4200439453125,3630700
2025-02-03,1304.3900146484375,1304.3900146484375,1270.8699951171875,1276.9100341796875,4144800
2025-02-04,1301.02001953125,1316.4100341796875,1300.1099853515625,1310.75,3015100
2025-02-05,1286.739990234375,1305.1700439453125,1282.0400390625,1300.739990234375,3179300
2025-02-06,1262.0699462890625,1290.260009765625,1260.02001953125,1289.0,3586600
2025-02-07,1282.0899658203125,1282.0899658203125,1252.260009765625,1266.3499755859375,4205200
2025-02-10,1270.489990234375,1275.8800048828125,1262.4100341796875,1273.949951171875,3040700
2025-02-11,1283.969970703125,1285.97998046875,1269.5799560546875,1272.9100341796875,2678300
2025-02-13,1284.1099853515625,1298.719970703125,1281.1600341796875,1287.1600341796875,2844400
2025-02-14,1272.0999755859375,1287.6600341796875,1269.81005859375,1286.5699462890625,2792100
2025-02-17,1256.47998046875,1256.47998046875,1236.800048828125,1244.56005859375,9807200
2025-02-18,1257.47998046875,1263.010009765625,1252.72998046875,1257.6800537109375,3459300
2025-02-19,1262.27001953125,1267.719970703125,1254.1800537109375,1255.1500244140625,4125100
2025-02-20,1245.6099853515625,1261.4100341796875,1240.56005859375,1255.25,4252900
2025-02-21,1246.2099609375,1252.5,1240.6700439453125,1243.8900146484375,3227700
2025-02-24,1235.8499755859375,1242.5,1227.4200439453125,1242.5,3715400
2025-02-25,1206.3900146484375,1231.47998046875,1206.3900146484375,1231.47998046875,4213000
2025-02-26,1231.1400146484375,1233.3499755859375,1208.9100341796875,1209.719970703125,4527000
2025-02-27,1215.72998046875,1235.1099853515625,1212.5400390625,1228.6500244140625,3389300
2025-02-28,1203.719970703125,1206.5799560546875,1186.3599853515625,1192.4300537109375,5262600
2025-03-03,1188.4100341796875,1211.2099609375,1185.72998046875,1207.27001953125,3541700
2025-03-04,1177.6400146484375,1195.6600341796875,1173.1300048828125,1182.3199462890625,3815800
2025-03-05,1206.9599609375,1208.760009765625,1183.2099609375,1185.3599853515625,3760200
2025-03-06,1189.550048828125,1207.0400390625,1186.9100341796875,1206.8599853515625,3430500
2025-03-07,1202.030029296875,1202.030029296875,1186.9300537109375,1188.6600341796875,3046800
2025-03-10,1177.43994140625,1196.52001953125,1177.43994140625,1195.3699951171875,3122200
2025-03-11,1187.6300048828125,1189.4000244140625,1160.989990234375,1167.18994140625,3629200
2025-03-12,1160.06005859375,1186.5699462890625,1158.1700439453125,1184.8599853515625,3572400
2025-03-13,1159.6400146484375,1168.72998046875,1157.9599609375,1164.1800537109375,2448200
2025-03-14,1173.760009765625,1176.9200439453125,1160.1300048828125,1162.550048828125,2850100
2025-03-17,1170.199951171875,1178.510009765625,1165.4599609375,1175.739990234375,2642800
2025-03-18,1176.1700439453125,1181.31005859375,1165.989990234375,1177.6800537109375,2778800
2025-03-19,1189.6600341796875,1195.56005859375,1174.6199951171875,1177.3699951171875,3380500
2025-03-20,1181.7099609375,1200.0899658203125,1181.7099609375,1192.280029296875,3300200
2025-03-21,1186.6099853515625,1190.6199951171875,1180.489990234375,1187.06005859375,4732000
2025-03-24,1190.06005859375,1192.5899658203125,1182.5999755859375,1188.199951171875,2365600
2025-03-25,1184.9300537109375,1191.010009765625,1181.1300048828125,1190.6600341796875,2541400
2025-03-26,1190.3599853515625,1194.6500244140625,1186.4100341796875,1186.4100341796875,2285700
2025-03-27,1187.9000244140625,1193.9599609375,1185.199951171875,1190.260009765625,2605100
2025-03-28,1175.449951171875,1185.1800537109375,1173.489990234375,1185.02001953125,2001200
2025-03-31,1158.0899658203125,1169.0899658203125,1155.050048828125,1155.050048828125,3765700
2025-04-01,1168.02001953125,1174.219970703125,1165.3299560546875,1165.760009765625,2323300
2025-04-02,1172.68994140625,1176.8399658203125,1166.5899658203125,1168.1199951171875,2600500
2025-04-03,1161.81005859375,1164.2900390625,1156.3900146484375,1159.9300537109375,2975200
2025-04-04,1125.2099609375,1156.02001953125,1122.510009765625,1155.4599609375,3967700
2025-04-08,1074.5899658203125,1083.75,1056.4100341796875,1076.1099853515625,5434400
2025-04-09,1088.1800537109375,1094.3800048828125,1062.5400390625,1070.8599853515625,4444600
2025-04-10,1133.949951171875,1146.8599853515625,1122.949951171875,1135.7900390625,3940800
2025-04-11,1128.6600341796875,1136.1300048828125,1118.9599609375,1127.8699951171875,2881300
2025-04-16,1138.9000244140625,1142.3499755859375,1120.719970703125,1127.5899658203125,3082700
2025-04-17,1141.280029296875,1145.18994140625,1133.9000244140625,1136.8199462890625,2852800
2025-04-18,1150.949951171875,1153.199951171875,1141.3199462890625,1143.260009765625,3127500
2025-04-21,1134.7099609375,1153.8299560546875,1130.56005859375,1149.3299560546875,6993500
2025-04-22,1144.050048828125,1146.02001953125,1127.4599609375,1129.3499755859375,3301000
2025-04-23,1153.77001953125,1160.010009765625,1147.6500244140625,1153.7099609375,3434000
2025-04-24,1146.8599853515625,1155.1300048828125,1143.2900390625,1149.52001953125,2997900
2025-04-25,1159.0,1161.030029296875,1151.6500244140625,1154.56005859375,2828500
2025-04-28,1159.530029296875,1166.3199462890625,1156.6300048828125,1161.469970703125,2624700
2025-04-29,1171.1199951171875,1171.1199951171875,1155.469970703125,1160.8800048828125,3116700
2025-04-30,1197.260009765625,1197.260009765625,1169.22998046875,1171.4599609375,4590000
2025-05-02,1198.97998046875,1214.75,1196.3299560546875,1210.699951171875,3786600
2025-05-06,1187.8599853515625,1201.0400390625,1187.8599853515625,1200.3299560546875,3853000
2025-05-07,1220.27001953125,1220.27001953125,1195.239990234375,1197.1300048828125,4382300
2025-05-08,1206.5899658203125,1221.3399658203125,1205.5699462890625,1217.530029296875,4456500
2025-05-09,1210.93994140625,1213.6800537109375,1195.8599853515625,1211.5899658203125,3965000
2025-05-13,1214.3900146484375,1231.02001953125,1212.18994140625,1226.9300537109375,4073100
2025-05-14,1216.7099609375,1218.6400146484375,1207.2099609375,1215.2099609375,3597100
2025-05-15,1194.489990234375,1212.47998046875,1191.4000244140625,1210.0999755859375,4088200
2025-05-16,1195.77001953125,1204.3299560546875,1190.2099609375,1198.6800537109375,3471800
2025-05-19,1187.06005859375,1195.7900390625,1184.8599853515625,1191.239990234375,3970300
2025-05-20,1189.1400146484375,1197.800048828125,1186.3399658203125,1193.52001953125,3850800
2025-05-21,1179.81005859375,1199.2900390625,1176.6500244140625,1192.68994140625,3645900
2025-05-22,1173.3699951171875,1182.5400390625,1171.760009765625,1175.1400146484375,3734700
2025-05-23,1176.3599853515625,1184.8599853515625,1173.5400390625,1177.8900146484375,2719700
2025-05-26,1178.4300537109375,1180.030029296875,1168.1700439453125,1178.719970703125,2797100
2025-05-27,1163.4200439453125,1176.3399658203125,1159.6099853515625,1176.3399658203125,3162700
2025-05-28,1160.739990234375,1173.6800537109375,1160.5899658203125,1167.97998046875,3297900
2025-05-29,1164.010009765625,1178.239990234375,1162.8800048828125,1175.43994140625,3041600
2025-05-30,1149.1800537109375,1160.4300537109375,1149.1800537109375,1155.5999755859375,4873800
2025-06-04,1132.02001953125,1149.6800537109375,1127.5699462890625,1147.6600341796875,3552900
2025-06-05,1140.6300048828125,1145.010009765625,1135.0999755859375,1138.1199951171875,2701000
2025-06-06,1136.4300537109375,1141.050048828125,1129.4100341796875,1140.27001953125,2753700
2025-06-09,1135.239990234375,1144.239990234375,1132.6700439453125,1142.3499755859375,2275500
2025-06-10,1139.1600341796875,1144.4000244140625,1134.8199462890625,1134.8199462890625,3001500
2025-06-11,1141.5799560546875,1145.18994140625,1139.6400146484375,1141.7099609375,2602500
2025-06-12,1128.6199951171875,1143.449951171875,1126.9200439453125,1140.6099853515625,2764100
2025-06-13,1122.699951171875,1127.2900390625,1118.5899658203125,1124.3399658203125,3569000
2025-06-16,1114.489990234375,1123.8299560546875,1107.7900390625,1121.1400146484375,3324900
2025-06-17,1113.5799560546875,1119.1300048828125,1112.25,1117.1700439453125,2026100
2025-06-18,1094.5799560546875,1120.3299560546875,1094.5799560546875,1113.5899658203125,3575400
2025-06-19,1068.72998046875,1085.7099609375,1066.0699462890625,1082.800048828125,8758700
2025-06-20,1067.6300048828125,1082.9000244140625,1066.02001953125,1071.9599609375,4239100
2025-06-23,1062.780029296875,1067.8800048828125,1053.7900390625,1059.3699951171875,3563300
2025-06-24,1100.010009765625,1100.010009765625,1074.9599609375,1076.27001953125,4532400
2025-06-25,1107.68994140625,1110.43994140625,1090.739990234375,1095.010009765625,7562900
2025-06-26,1106.72998046875,1117.6400146484375,1104.719970703125,1104.8599853515625,4593900
2025-06-27,1082.4200439453125,1104.9200439453125,1078.5699462890625,1104.6800537109375,3428400
2025-06-30,1089.56005859375,1094.77001953125,1080.9200439453125,1089.010009765625,7904000
2025-07-01,1110.010009765625,1110.010009765625,1086.56005859375,1094.9100341796875,3109100
2025-07-02,1115.68994140625,1115.68994140625,1103.989990234375,1107.1300048828125,2811300
2025-07-03,1127.2099609375,1127.6600341796875,1113.77001953125,1114.8299560546875,3356100
2025-07-04,1119.93994140625,1128.0799560546875,1115.3699951171875,1127.3499755859375,2861300
2025-07-07,1123.0,1123.0,1107.4599609375,1113.3599853515625,3664700
2025-07-08,1115.6500244140625,1121.3699951171875,1110.1600341796875,1112.3900146484375,2651600
2025-07-09,1110.4000244140625,1120.449951171875,1108.0899658203125,1115.5799560546875,2712500
2025-07-11,1121.1300048828125,1130.280029296875,1115.469970703125,1116.6099853515625,2364100
2025-07-14,1143.31005859375,1143.31005859375,1121.6400146484375,1122.3900146484375,3173400
2025-07-15,1161.010009765625,1162.719970703125,1139.6400146484375,1143.72998046875,4165700
2025-07-16,1157.6300048828125,1167.800048828125,1154.1300048828125,1160.1400146484375,4316500
2025-07-17,1198.1099853515625,1199.1400146484375,1162.699951171875,1163.9000244140625,4464500
2025-07-18,1206.5799560546875,1210.010009765625,1195.300048828125,1197.3599853515625,4248300
2025-07-21,1208.1300048828125,1217.8299560546875,1199.5400390625,1213.52001953125,3394400
2025-07-22,1191.75,1213.239990234375,1191.6500244140625,1209.5699462890625,3928900
2025-07-23,1219.6199951171875,1222.75,1202.25,1202.8199462890625,3860500
2025-07-24,1212.489990234375,1227.7099609375,1206.18994140625,1214.2900390625,3626100
2025-07-25,1217.1500244140625,1218.7099609375,1204.699951171875,1205.25,2721100
2025-07-29,1233.6800537109375,1235.18994140625,1213.8699951171875,1224.27001953125,3425200
2025-07-30,1244.1400146484375,1245.43994140625,1234.2099609375,1236.010009765625,4528600
2025-07-31,1242.3499755859375,1251.1600341796875,1229.760009765625,1241.7900390625,4009900
2025-08-01,1218.3299560546875,1255.3900146484375,1217.3699951171875,1252.5,4796000
2025-08-04,1229.4000244140625,1231.1099853515625,1212.6800537109375,1222.5799560546875,3153600
2025-08-05,1246.9599609375,1250.3599853515625,1233.43994140625,1235.1300048828125,4058800
2025-08-06,1264.469970703125,1266.52001953125,1248.0899658203125,1253.8499755859375,5670100
2025-08-07,1265.1500244140625,1280.780029296875,1260.31005859375,1270.43994140625,5528300
2025-08-08,1259.0699462890625,1266.010009765625,1253.239990234375,1260.47998046875,4359000
2025-08-13,1277.4300537109375,1280.1600341796875,1263.9300537109375,1270.550048828125,5198500
2025-08-14,1266.6700439453125,1283.550048828125,1266.050048828125,1277.0899658203125,4744300
2025-08-15,1259.4200439453125,1270.8900146484375,1253.510009765625,1268.8800048828125,4432500
2025-08-18,1242.31005859375,1260.22998046875,1242.31005859375,1260.22998046875,3479100
2025-08-19,1235.760009765625,1248.4000244140625,1235.760009765625,1238.8499755859375,3308400
2025-08-20,1248.1300048828125,1251.1400146484375,1228.4300537109375,1234.489990234375,3841400
2025-08-21,1244.7900390625,1254.52001953125,1243.530029296875,1252.6099853515625,4098900
2025-08-22,1253.3900146484375,1257.989990234375,1245.300048828125,1247.25,3186500
2025-08-25,1262.6700439453125,1268.1300048828125,1260.760009765625,1264.68994140625,3288600
2025-08-26,1251.260009765625,1262.9300537109375,1249.449951171875,1255.949951171875,4758300
2025-08-27,1248.030029296875,1260.75,1246.8599853515625,1253.4100341796875,3144200
2025-08-28,1250.0899658203125,1255.43994140625,1246.0,1247.760009765625,3094000
2025-08-29,1236.6099853515625,1255.8399658203125,1236.6099853515625,1248.3199462890625,4142500
2025-09-01,1244.47998046875,1246.5799560546875,1230.550048828125,1234.93994140625,7450600
2025-09-02,1248.780029296875,1253.5999755859375,1243.47998046875,1248.5899658203125,3314200
2025-09-03,1259.31005859375,1261.8499755859375,1249.9100341796875,1250.7900390625,4728000
2025-09-04,1252.550048828125,1270.739990234375,1250.8599853515625,1262.3800048828125,4258600
2025-09-05,1264.800048828125,1270.31005859375,1255.7099609375,1258.6199951171875,5329700
2025-09-08,1266.1099853515625,1276.1500244140625,1264.7900390625,1273.6199951171875,4890500
2025-09-09,1276.0799560546875,1276.0799560546875,1266.5799560546875,1269.31005859375,4699300
2025-09-10,1278.050048828125,1281.18994140625,1274.3900146484375,1279.02001953125,4590600
2025-09-11,1288.030029296875,1291.6400146484375,1279.47998046875,1279.47998046875,4333200
2025-09-12,1293.6199951171875,1299.18994140625,1289.31005859375,1295.43994140625,3602100
2025-09-15,1299.780029296875,1300.5999755859375,1287.93994140625,1294.5899658203125,3933700
2025-09-16,1308.18994140625,1309.9000244140625,1303.2900390625,1304.3699951171875,4562700
2025-09-17,1306.68994140625,1311.800048828125,1304.6700439453125,1308.72998046875,5327800
2025-09-18,1297.010009765625,1312.739990234375,1292.72998046875,1312.1500244140625,5205300
2025-09-19,1292.719970703125,1302.489990234375,1292.4100341796875,1299.8499755859375,4907700
2025-09-22,1282.5400390625,1296.4200439453125,1282.5400390625,1294.68994140625,4005200
2025-09-23,1273.199951171875,1290.8399658203125,1272.6800537109375,1284.989990234375,4298700
2025-09-24,1278.4100341796875,1282.18994140625,1268.489990234375,1273.5,3551200
2025-09-25,1288.260009765625,1289.7099609375,1279.1099853515625,1280.7900390625,3132600
2025-09-26,1278.739990234375,1288.1300048828125,1278.199951171875,1285.449951171875,3083400
2025-09-29,1288.0699462890625,1292.239990234375,1278.9000244140625,1285.7099609375,3297200
2025-09-30,1274.1700439453125,1290.5400390625,1270.4200439453125,1286.4000244140625,3608500
2025-10-01,1275.030029296875,1280.81005859375,1271.780029296875,1272.4599609375,3466200
2025-10-02,1288.2900390625,1294.1400146484375,1282.949951171875,1284.75,3201300
2025-10-03,1293.6099853515625,1300.050048828125,1286.27001953125,1290.3299560546875,3463700
2025-10-06,1285.6400146484375,1299.239990234375,1285.6400146484375,1296.2900390625,3225600
2025-10-07,1305.239990234375,1310.6800537109375,1291.9000244140625,1293.6800537109375,2927900
2025-10-08,1304.9200439453125,1314.0699462890625,1303.47998046875,1305.1199951171875,3154300
2025-10-09,1313.989990234375,1317.8800048828125,1309.010009765625,1309.5699462890625,3252900
2025-10-10,1286.97998046875,1296.550048828125,1282.469970703125,1291.0699462890625,2631700
2025-10-14,1266.3800048828125,1291.199951171875,1266.3800048828125,1287.239990234375,10144100
2025-10-15,1286.68994140625,1289.0899658203125,1274.2099609375,1276.8800048828125,3862600
2025-10-16,1291.4599609375,1299.4300537109375,1286.5999755859375,1292.5699462890625,2761100
2025-10-17,1274.6099853515625,1289.72998046875,1274.0999755859375,1282.3399658203125,3162300
2025-10-20,1284.469970703125,1289.6500244140625,1281.800048828125,1285.9100341796875,2307300
2025-10-21,1290.719970703125,1295.1099853515625,1286.8299560546875,1290.4200439453125,2983300
2025-10-22,1302.3499755859375,1311.239990234375,1287.2900390625,1292.1099853515625,3629000
2025-10-24,1313.9100341796875,1321.5699462890625,1305.489990234375,1308.81005859375,3392600
2025-10-27,1323.52001953125,1345.8599853515625,1322.9100341796875,1324.1500244140625,3610400
2025-10-28,1314.280029296875,1331.68994140625,1311.4100341796875,1328.9100341796875,3354800
2025-10-29,1315.6400146484375,1321.7900390625,1312.800048828125,1315.6800537109375,2447700
2025-10-30,1314.6500244140625,1320.22998046875,1302.300048828125,1308.0699462890625,3656900
2025-10-31,1309.5,1318.3299560546875,1304.1099853515625,1308.030029296875,2654000
2025-11-03,1308.8599853515625,1317.47998046875,1304.719970703125,1315.68994140625,2418100
2025-11-04,1298.5999755859375,1313.4000244140625,1296.030029296875,1306.18994140625,3060900
2025-11-05,1295.2900390625,1301.06005859375,1283.1300048828125,1286.3900146484375,2720400
2025-11-06,1313.31005859375,1316.5899658203125,1298.6400146484375,1303.5,2858500
2025-11-07,1302.9100341796875,1314.6300048828125,1302.4599609375,1309.550048828125,2202400
